"";"ASV0261_Aureococcus_anophagefferens";"ASV0039_Picochlorum_sp.";"ASV0003_Ostreococcus_lucimarinus";"ASV0102_Chloroparvula_pacifica";"ASV0083_Pelagomonas_calceolata";"ASV1742_Brockmanniella_brockmannii";"ASV0008_Ostreococcus_lucimarinus";"ASV0101_NA";"ASV0118_Chloroparvula_pacifica";"ASV0676_Parmales_env_3A_sp.";"ASV0071_Phaeocystis_globosa";"ASV0688_Florenciella_parvula";"ASV0270_Chloropicon_laureae";"ASV0147_Teleaulax_sp.";"ASV0021_NA";"ASV0073_Chloroparvula_pacifica";"ASV0043_Plagioselmis_prolonga";"ASV1403_Chrysochromulina_sp.";"ASV0425_Parmales_env_3B_sp.";"ASV0134_Pelagomonadales_clade_B1_sp.";"ASV0063_Teleaulax_gracilis";"ASV0013_Bathycoccus_prasinos";"ASV0569_Chlorodendrales_X_sp.";"ASV0006_Ostreococcus_lucimarinus";"ASV0081_Phaeocystis_globosa";"ASV1207_Chrysochromulina_sp.";"ASV0142_Teleaulax_sp.";"ASV0561_Chloroparvula_pacifica";"ASV0023_Micromonas_commoda_A2";"ASV0053_Ostreococcus_lucimarinus";"ASV0085_Chloroparvula_pacifica";"ASV0034_NA";"ASV1079_Micromonas_pusilla";"ASV0001_NA";"ASV0025_Picochlorum_sp.";"ASV1191_Pelagomonadaceae_clade_C_sp.";"ASV0086_NA";"ASV1272_Thalassiosira_gravida";"ASV0775_Pelagomonadaceae_clade_C_sp.";"ASV0042_Tetraselmis_striata";"ASV0052_Phaeocystis_globosa";"ASV0206_Kathablepharidida_XX_sp.";"ASV1506_Pelagomonadaceae_clade_C_sp.";"ASV0510_Crustomastigaceae_X_sp.";"ASV0395_Kathablepharidida_XX_sp.";"ASV0038_Micromonas_commoda_A2";"ASV0452_Chrysophyceae_Clade-EC2H_XX_sp.";"ASV2590_Rhizosolenia_imbricata";"ASV1411_Florenciellales_X_sp.";"ASV0029_NA";"ASV0325_Teleaulax_amphioxeia";"ASV0064_Chloroparvula_pacifica";"ASV0349_Teleaulax_amphioxeia";"ASV0834_Chrysophyceae_Clade-EC2H_XX_sp.";"ASV0652_NA";"ASV0190_Teleaulax_amphioxeia";"ASV0223_NA";"ASV0238_NA";"ASV0143_NA";"ASV0462_Cylindrotheca_closterium";"ASV0867_Micromonas_pusilla";"ASV0107_Teleaulax_gracilis";"ASV0036_Ostreococcus_lucimarinus";"ASV1593_Micromonas_pusilla";"ASV0037_Picochlorum_sp.";"ASV0145_NA";"ASV0032_Plagioselmis_prolonga";"ASV0315_Guinardia_delicatula";"ASV1112_NA";"ASV0442_Rhodomonas_sp.:nucl";"ASV1119_Micromonas_pusilla";"ASV0799_NA";"ASV0040_Plagioselmis_prolonga";"ASV0072_Pelagomonas_calceolata";"ASV0035_Micromonas_commoda_A2";"ASV0279_Chloroparvula_pacifica";"ASV0403_Aureococcus_anophagefferens";"ASV0210_Aureococcus_anophagefferens";"ASV1389_NA";"ASV0277_Aureococcus_anophagefferens";"ASV0882_Dictyocha_speculum";"ASV0273_Crustomastigaceae_X_sp.";"ASV0838_NA";"ASV0720_NA";"ASV0135_NA";"ASV0711_Chloroparvula_pacifica";"ASV0456_Chlorodendrales_X_sp.";"ASV0631_Chloroparvula_pacifica";"ASV1335_Pelagomonadaceae_clade_C_sp.";"ASV0016_Bathycoccus_prasinos";"ASV0045_Rhizosolenia_delicatula";"ASV0050_Ostreococcus_lucimarinus";"ASV1284_Chloropicon_roscoffensis";"ASV1412_Brockmanniella_brockmannii";"ASV0056_Pelagomonas_calceolata";"ASV0932_Pedinellales_X_sp.";"ASV0501_Paraphysomonas_sp.";"ASV0017_Bathycoccus_prasinos";"ASV0127_Pycnococcaceae_X_sp.";"ASV0382_Kathablepharidida_XX_sp.";"ASV0048_Chloroparvula_pacifica";"ASV0097_Teleaulax_gracilis";"ASV0030_Rhizosolenia_delicatula";"ASV0120_Pycnococcaceae_X_sp.";"ASV0104_Teleaulax_sp.";"ASV0077_Pycnococcaceae_X_sp."
"C1A17";0;0,0570072867095286;0;0;0;0;0;0;0;0;0,508692217860514;0,0763060509104736;0;0;0,200878234253029;0;0;0;0;0;0;0;0;0;0,502936535863419;0;0;0;0;0;0;0,179896908716468;0;0;0;0;0;0,098051428341787;0;0;0,583803047821698;0;0;0;0;0;0;0;0;0,179896908716468;0;0;0;0;0;0;0;0;0;0;0;0;0;0;0;0;0;0,0349096910147225;0;0;0;0;0;0;0;0;0;0;0;0;0;0;0;0;0;0;0;0;0;0;0,0870800688368216;0;0;0;0;0;0;0;0;0;0;0;0,107283816100197;0,0581828183578709;0;0
"C1F18";0,0169647550104761;0;0,379267577971311;0,0665745060327774;0,0455212145100658;0;0,29637383304702;0,0185839580035731;0,0597390669144731;0;0,0799326257478981;0;0,0541810825673301;0,0541810825673301;0,164479402300576;0,0956667790802121;0,0695348037395662;0;0,0394225281768377;0,0200729688285432;0,0687020215574025;0,109944178234911;0;0,364564651362055;0,0777422739818883;0;0,0621011998948279;0,0239917866181523;0,0577798735353368;0,0678590200419045;0,0670054134829523;0,133364987896173;0,0169647550104761;0,427632985916782;0;0,0429178126238866;0,0941505693398433;0;0,0435832447499281;0;0,0834555599351205;0,113549859017672;0,0283874647544181;0,0455212145100658;0,0897690456217136;0,0616360158175743;0,0485796653244637;0,0227606072550329;0,0303474763400438;0,140715458939324;0;0,0983370625054459;0;0;0;0;0,0151737381700219;0;0;0,0587676352322067;0,0283874647544181;0,0485796653244637;0,0871664894998562;0,0169647550104761;0;0,0185839580035731;0,0577798735353368;0,0330703956394357;0;0;0,0107294531559717;0;0,0587676352322067;0,0473799822500041;0,0497504276168867;0,0611672940659563;0,0131408427256126;0,0227606072550329;0;0,0131408427256126;0;0;0;0,0312814626052334;0;0,0273548455062396;0;0,0227606072550329;0,0379343454250548;0,105672858424197;0,0904079792764969;0,0834555599351205;0;0,0273548455062396;0,0485796653244637;0,0251627980885283;0;0,0944557583714711;0,1926825776269;0,0941505693398433;0,115559747070674;0,0592553418123531;0,111245338061042;0,204141768728207;0,0719753598544568;0,226210870327094
"C1A18";0,0714285714285714;0;0,368657902633261;0,136952816174457;0,161684524075617;0;0,290688001285486;0,134626864385191;0,127394461741514;0;0,0497808608883693;0,0440866714177405;0,0435321000157174;0,0646437497589366;0,0482945288416295;0,114963973737565;0,0884484553381272;0,0260820265478651;0;0,114752448307712;0,0697071480677524;0,169318074349029;0;0,356530086561999;0,0507475698001585;0;0,0653911011738662;0,039432317676706;0,0693577366039446;0,0675835875211962;0,149342582665108;0,0303846414069759;0;0,425841646474039;0,0653911011738662;0,0120736322104074;0;0;0,019716158838353;0;0,0599643561116708;0,0406459027109923;0,00985807941917649;0;0;0,059557813416628;0,0368855556781659;0;0;0,0424012028360474;0,05705775976557;0,120736322104074;0,0341493888381255;0;0;0;0,0942980820583504;0;0,0362208966312221;0;0,00697071480677524;0,0753998089873925;0,0867846994705651;0,00985807941917649;0;0,113688917964889;0,112183037994188;0;0;0;0,0120736322104074;0;0,0945553760756139;0,165545304413659;0,063887656499994;0,0526277426866434;0,0587362869879862;0,0900814877830348;0;0,0763603548321213;0,0406459027109923;0;0;0,0406459027109923;0;0,0295742382575295;0;0,0424012028360474;0;0,154931879447689;0;0,080390204838734;0;0;0,193052307397872;0;0;0,142346024428341;0;0;0,126629322918274;0,063887656499994;0;0;0,0690065559342354;0
"C2A17";0;0;0;0,305771049903927;0;0;0;0;0;0;0;0;0;0;0;0;0;0;0;0;0,201619459636378;0;0;0;0;0;0;0;0;0;0;0,33129457822454;0;0;0,377195470232912;0;0;0;0;0;0,608209420501682;0;0;0;0;0;0;0;0;0;0;0;0;0;0;0;0;0;0;0;0;0;0;0;0;0;0;0,156173761888606;0;0;0;0;0;0;0;0;0;0;0;0;0;0;0;0;0;0;0;0;0;0;0;0;0;0;0;0;0;0;0;0;0;0;0,33129457822454;0,33129457822454;0;0
"C2F18";0;0;0,26534879342987;0,0581962994456023;0,0654069940167729;0;0,214451171162188;0,0133511467458638;0,0400534402375915;0;0,113288236807404;0;0;0,0981104910251593;0,105127034604019;0,0875493240149367;0,0865253200863353;0;0;0,018881372801234;0,140028008402801;0,0953462589245592;0;0,256814435320424;0,11562432251572;0;0,0706476280141699;0;0,037762745602468;0;0,0499554168435642;0,134177364195264;0,018881372801234;0,299434999746329;0;0,0981104910251593;0,106809173966911;0,0327034970083864;0,110096376512636;0;0,134177364195264;0,14317509816446;0,0854890513259633;0;0;0,0327034970083864;0,0895622151039798;0,0267022934917276;0;0,0934580272210467;0,0718981255907142;0,0844400661841498;0;0,055048188256318;0;0;0,018881372801234;0;0;0;0,0298540717013266;0,113288236807404;0;0;0;0,0267022934917276;0,105971442021255;0,0934580272210467;0,0731272424127131;0,135499340593406;0,0353238140070849;0,0844400661841498;0,0895622151039798;0,0706476280141699;0,023124864503144;0,0534045869834553;0;0;0,0517087689995019;0;0;0;0;0,0667557337293191;0;0;0;0;0,0915308506089107;0,0875493240149367;0,265684465662029;0;0;0,0327034970083864;0,0611826405773843;0,0481382441784562;0;0,0905518828835775;0,207265534478193;0;0,111703707906548;0,12381344139852;0,321538192551308;0,23124864503144;0,0823019959558966;0,244001110426742
"C2A18";0,0621333961468283;0;0,330439760066993;0,224153711100089;0,131476555711712;0;0,262185043110557;0,109476110300795;0,225563093846657;0,0240042251154632;0,0592860626345045;0,0293990516018927;0,0514833272779804;0,0602501268661001;0,048604851361924;0,173595528927152;0,076286620820939;0;0;0,101841302137635;0,0699837409606517;0,151055062167396;0;0,321423655374825;0,0401667512440667;0;0,0621333961468283;0,0531356173825974;0,0699837409606517;0,0635092100703264;0,261524903473547;0,0303632099329128;0;0,39061298958776;0,0803335024881335;0,0131476555711712;0;0;0,0240042251154632;0;0,0461730489198752;0,0262953111423425;0,0169735503562725;0;0;0,0578098294036943;0;0;0,0151816049664564;0,0356040195970404;0;0,165437704623847;0;0;0;0;0,0788859334270275;0,0467928491213836;0,0607264198658256;0;0;0,0661750818495387;0,0732030481439309;0;0;0,0995524412677758;0,0957163773445379;0,0273690275751987;0;0;0;0;0,0792503045735018;0,139141707859408;0,0509206510688174;0,078519871435924;0,0449077931085287;0,075527531083698;0;0,0625953608431014;0;0,0330875409247693;0;0;0;0,0542091726491796;0,0597700385230073;0,0587981032037855;0,0169735503562725;0,135363398981866;0;0,0635092100703264;0,0214700316421534;0;0,156488402107754;0;0;0,122867872012656;0;0,025175843694566;0,197068694359973;0,0625953608431014;0,0303632099329128;0;0,0657382778558562;0,0716114874039433
"C3A17";0;0,0874242416473452;0;0,109913001278732;0;0;0;0;0;0;0;0;0,078509286627666;0;0;0;0;0;0;0;0;0;0;0;0;0;0;0;0;0;0;0,100540943213834;0;0;0,0902003030735275;0;0;0,0314037146510664;0;0,0860026145192227;0,106495177729719;0;0;0;0;0;0;0;0;0;0;0;0;0;0;0;0;0;0;0;0;0;0;0;0,119581782731908;0;0;0,296677858087337;0;0;0;0;0;0;0;0;0;0;0;0;0;0;0;0;0;0;0;0;0;0;0,575853709781428;0;0;0;0;0;0;0;0,123636548217858;0;0;0;0,665432783197999;0,127562491936746;0;0,166913032901174
"C3F18";0;0;0;0;0;0;0;0,0339076725180877;0;0;0,130648659603245;0,0572041011554064;0;0;0,107637090934448;0;0;0;0;0;0,114794065808663;0;0;0,055636567212709;0,135630690072351;0;0;0;0,0188085925993241;0;0;0,0906917491668389;0;0,0671601089448467;0;0;0,0846386666969583;0,00940429629966203;0,0420572916131881;0;0,155384475953911;0;0;0;0;0,0132996833715572;0,0479526903435851;0,00940429629966203;0;0,0892169882940762;0;0;0;0;0;0;0;0;0;0,0968231564375729;0;0;0;0;0;0;0;0,10128737093761;0,0297389960980254;0;0;0,0297389960980254;0,0441100595739839;0;0,00940429629966203;0;0;0;0,0230357273241159;0;0;0;0;0;0;0;0;0;0;0;0,573662074279384;0;0;0;0,0265993667431143;0,0339076725180877;0,0420572916131881;0;0,115943951595412;0;0,0930977836009001;0;0,682184308782345;0,120433755144732;0,0282128888989861;0,126521866842939
"C3A18";0,129239755147438;0,065289531496328;0,227893887992697;0,126174344469317;0,188166677614803;0,0294948038419568;0,166586902763239;0,21166503694349;0,10956833329353;0;0,0995859195463938;0,065289531496328;0,0527619090989099;0,106345027611928;0,0818447591071135;0,103861921923178;0,0740313700950869;0,0279812277841406;0,0373083037121874;0,181339081692101;0,113084785754009;0,203706413105533;0;0,215332269019078;0,103020920859994;0,0131904772747275;0,108370829214413;0,0406557814090871;0,125482972994454;0,0395714318241825;0,119808459574631;0,0757735230424082;0;0,248177348926581;0;0,0131904772747275;0;0,0309344112444873;0,0131904772747275;0;0,113851471047875;0,0818447591071135;0,00932707592804686;0;0;0,101746386170412;0;0;0,0161549693934298;0,0763454068011031;0;0,106753263384073;0;0,0186541518560937;0;0,0785913387155107;0,150683523123568;0,131574597579254;0,149524401886316;0;0;0,0849737057301065;0,0417119516128294;0;0;0,186541518560937;0,0973775315206905;0;0,0309344112444873;0;0;0,0294948038419568;0,0849737057301065;0,203064816509949;0,102172997627094;0,0437478639259807;0,0864957438352281;0,127204356208286;0,0323099387868596;0,117609952442132;0,104279879032074;0,0818447591071135;0,053579971977682;0;0,0589896076839136;0,0323099387868596;0;0,0395714318241825;0,00932707592804686;0,189777920165034;0,0722472194762751;0,0437478639259807;0;0;0,230739115376958;0,0484649081802894;0,0510864988135469;0,188397698791575;0;0;0,127545845027316;0,100021746221851;0;0;0,123737644977949;0,0543857310560108
"C4A17";0;0,3981087364499;0;0;0;0;0;0;0;0;0;0;0;0;0;0;0;0;0;0;0;0;0;0,313230278784108;0;0;0;0;0;0;0;0;0;0;0;0;0;0,0614295116833951;0;0;0,467833222984753;0;0;0;0;0;0;0;0;0;0;0;0;0;0;0;0;0;0;0;0;0;0;0;0;0;0;0,221487254201195;0;0;0;0;0;0;0;0;0;0;0;0;0;0;0;0;0;0;0;0;0;0;0;0;0;0;0;0;0;0;0;0;0;0;0,463782642649163;0;0;0,506560730401504
"C4F18";0;0;0,0647736120713391;0,0512080366054021;0;0;0;0;0,068702790506386;0;0,160306511181567;0;0;0,0256040183027011;0,185341968992564;0,0637534914347388;0;0;0;0;0,0793311491858809;0;0;0,0908852490280333;0,156163523336008;0;0,0198327872964702;0;0,0256040183027011;0;0,0537074418891667;0,15405025240963;0;0;0;0,0379768963600122;0,068702790506386;0,0198327872964702;0;0,108023471559481;0,170991907980259;0;0;0;0;0,0114504650843977;0,0937260961178032;0,028047796774329;0;0,164345091297842;0;0,0512080366054021;0;0;0;0;0;0;0;0,103054185759579;0;0,0696504599698622;0;0;0;0;0;0,107414883778333;0;0,130555388951859;0;0;0;0,0572523254219883;0;0,0537074418891667;0;0;0;0;0;0;0;0;0;0;0;0;0;0;0,519326247059605;0;0;0;0;0,0396655745929404;0,0524726229917012;0,0864491155940509;0,151475415046722;0;0,0677418649928931;0,0742074950881542;0,601013086411621;0,134024257651048;0,0229009301687953;0,16071493607582
"C4A18";0,128634937526264;0;0,208835123419721;0,112689040761047;0,220196283537519;0;0,153628926641689;0,24670740953807;0,111544959954849;0,0759749357822127;0,0873619999507954;0;0,0226513494660278;0,096766607337119;0,096766607337119;0,0862537690374498;0,088818133574844;0,0138710620443081;0;0,215931644543925;0,108040051103194;0,233072369887393;0,0320338456209091;0,192369844319716;0,0804840410390812;0,0240253842156818;0,0997045404294474;0,0299649187735627;0,142136089839596;0,0299649187735627;0,129132560032487;0,0716298563890867;0;0,223950720226102;0,0674804952531474;0;0;0,0310166376511901;0;0;0,103181807394116;0,0549032452748806;0;0;0;0,112973250646885;0,0431268845187249;0;0;0,0828401689185542;0,066039464544869;0,088818133574844;0;0,0211883972624902;0,0493674716286196;0;0,172135353093154;0,0862537690374498;0,0984096213077321;0;0;0,0816706019582172;0,0487135689610559;0;0;0,205585175141766;0,0987349432572393;0,043864149625525;0;0;0;0;0,0772308049249028;0,215783084743371;0,116879646298362;0,0392332881351584;0,0990591968173035;0,133767678039372;0;0,109806490549761;0,0554842481772324;0,0742674158079792;0,0487135689610559;0;0;0,0253249785940709;0;0,0320338456209091;0;0,216376711957828;0;0,0431268845187249;0;0;0,248649507806009;0;0,0506499571881418;0,198441852451833;0;0;0,104109998267955;0,0937366374947653;0,0445892260131241;0;0,11067913863548;0
"F1A17";0;0;0,23354495470846;0;0;0;0,198083627341577;0,0426867360476569;0;0,0722739093907339;0,168238458190697;0;0;0,0763603548321213;0,236645244653888;0;0,220157642963178;0,0110216678544351;0;0;0,294919731795175;0,13984928719608;0;0,23354495470846;0,15192320703488;0;0,0697071480677524;0;0,107425929913971;0,0397391885902991;0;0,210568668697704;0,0330650035633054;0,259887095168613;0;0;0;0;0;0;0,184427778390829;0;0;0;0;0,0888595270585927;0;0;0;0,199610894573078;0,0941691714279396;0;0,0902162395229581;0;0,0454435007343108;0,110216678544351;0;0,0794783771805981;0,0902162395229581;0;0,0291605921759902;0,246698314361971;0,0583211843519804;0,0291605921759902;0;0;0,248171153204394;0;0,0505076272276105;0;0,0291605921759902;0,0440866714177405;0,203229513554961;0;0,0967147429123329;0;0;0,0155869921597137;0,0365547368370828;0;0,0572702661240909;0;0;0,0190900887080303;0,0516962046039818;0;0;0;0;0,120232201647168;0;0,0583211843519804;0;0;0,0973407348384638;0;0;0,122732098997746;0;0;0;0,267033882243954;0;0;0,0763603548321213;0,0832117675015311
"F1F18";0;0,0618458113164551;0,275813520648546;0,0798425990871056;0;0;0,204080765325963;0;0,0743294146247166;0;0,178533479059031;0;0,0898598805365707;0;0,161010409263509;0,100993786969174;0;0;0;0;0,135183368564412;0;0;0,292271901537574;0;0;0;0;0,0921942921514796;0;0,0824610817552735;0;0;0,327905949842636;0;0;0;0,0206152704388184;0,12369162263291;0;0;0,212247199694497;0;0;0,142826783247225;0;0,141331173622397;0,0504968934845869;0;0;0,0898598805365707;0,121961584666224;0;0;0;0;0;0;0;0;0,0460971460757398;0;0;0;0;0;0,224886050382429;0,269579641609712;0,0874631851396982;0;0;0,116617580186264;0;0;0;0,105117666245527;0;0;0,0874631851396982;0;0;0;0;0;0;0;0;0;0;0;0,185537433949365;0;0,0683731169972658;0;0,112914486484102;0,0824610817552735;0;0,125397794577209;0,196657146194008;0;0,147222478373877;0;0,215229742145347;0,191178153231072;0,0898598805365707;0,215229742145347
"F1A18";0,0427290232910048;0,186531361648533;0,325654911745669;0,130805457891837;0,0500391083360534;0,0204283804345299;0,258299886774199;0,0500391083360534;0,123418529978252;0,021667569500872;0,046807299833294;0;0,143362991436112;0,0718631981533406;0,0586760555867342;0,200156433344214;0,104164710466765;0;0,0353829928289517;0,046807299833294;0,101372943415664;0,139302982070635;0,027972711943223;0,314407973022729;0;0;0,0754053556307418;0,0669789244252417;0,0774529321793698;0,0665883734315909;0,142267207283082;0,0545288541154352;0,0191090001381717;0,381565290539094;0,217995802843498;0,0144450463339146;0;0;0,00722252316695732;0;0;0;0,00722252316695732;0;0;0,0629644972042966;0,0500391083360534;0;0;0,0473612516576697;0;0,193126542043095;0,0402133070986992;0,0239543993844469;0,0414902367986586;0,0375293312520401;0,0368277865656914;0,0445226229471596;0,0346380042819504;0;0,0144450463339146;0,0767764744006104;0,0750586625040802;0,0144450463339146;0,196075209400022;0,0451046427210346;0,124889100518313;0;0;0;0,0125097770840134;0;0,112123711391631;0,0545288541154352;0,07294390839212;0,0804266141973984;0,0250195541680267;0,0338766364879865;0;0,0375293312520401;0;0,0388944775774122;0;0,0414902367986586;0,0427290232910048;0,0621304935309177;0;0,0696514910353173;0,00722252316695732;0,12675476715433;0;0,0673672112979264;0,0270242071587918;0;0,0545288541154352;0,0414902367986586;0;0,108818283774706;0,0919277119553843;0;0,230555791239957;0,0826655560529161;0;0,0930557015391376;0,0857627108160077;0,0949974603619576
"F2A17";0,0158620293576456;0,0977801158877754;0,248533249177369;0;0,102183976125059;0;0,198433923866737;0,0296751396576299;0;0;0,149642085676156;0;0,0571913601819063;0,0861528715285388;0,28529613741409;0;0,149642085676156;0,0158620293576456;0;0,0388538782112785;0,163694298538493;0,157426146402898;0;0,253296296286418;0,152556113345909;0;0,102183976125059;0;0,131759911576526;0,0571913601819063;0,0582808173169178;0,218642985972873;0,0371997562409414;0,292696350514022;0,0918081323956878;0,0112161485221713;0,0760716204171085;0,0158620293576456;0,0296751396576299;0;0,171574080545719;0;0,0158620293576456;0;0;0,117635958124438;0;0;0;0,249543551103501;0;0;0;0;0,0861528715285388;0,0760716204171085;0,0354685759047929;0;0,0250800705413088;0;0,0371997562409414;0,142316970228769;0,0644318678384879;0,0158620293576456;0,105812933532509;0,0274738407585913;0,155819715121615;0;0;0;0,0194269391056393;0;0,124897744059908;0,0854196422665273;0,116020742459443;0;0,0158620293576456;0,0112161485221713;0;0,0112161485221713;0;0;0;0;0;0;0;0;0,0158620293576456;0,153378524228631;0;0,0475860880729368;0,0462453650695277;0;0,107581517305573;0;0,0571913601819063;0,162923968152837;0,168988316760091;0;0,0691409830094525;0,130801644956442;0;0,166362367402334;0,102797699217434;0,191333160775593
"F2F18";0;0;0,343184836311142;0,0912071217301079;0;0;0,286518445505191;0;0,0810396543006995;0,066168600656086;0;0;0;0,0862733001092099;0,0899990270428047;0,133981204735652;0,09588741208755;0,0782917441234925;0;0;0,0512539776765741;0,0887744934258273;0;0,333150854897731;0;0;0,0573036891010382;0,0553606231806436;0,0887744934258273;0,0610044355425644;0,094739018420123;0,066168600656086;0,0209243487659344;0,3835496483502;0;0;0,0912071217301079;0;0,0912071217301079;0;0,128134944191435;0,105662781846782;0,033084300328043;0;0,143450107877574;0,066168600656086;0,155179123661384;0,0295914978086091;0;0,0862733001092099;0;0,116501843374396;0,0768809665148611;0;0;0;0;0;0;0,0875328309685745;0,0391458720617463;0,0678026393175356;0,0836973950637375;0;0;0;0,136410064802178;0,133981204735652;0,0724840703557789;0;0;0,094739018420123;0,132337201312172;0;0,0887744934258273;0,110721246361287;0,0147957489043046;0,0147957489043046;0;0;0;0;0;0;0;0,033084300328043;0;0,0391458720617463;0;0,126414934053156;0,0443872467129137;0,066168600656086;0;0,0391458720617463;0,113648303782831;0,0418486975318687;0;0,104621743829672;0,16275323794735;0,129832169720068;0,16275323794735;0,0467882662255431;0,0610044355425644;0,161402565317495;0,0610044355425644;0,205549112935014
"F2A18";0,0447148560438827;0,0781493073280797;0,416636371347859;0,0608934496857295;0,0735975956008876;0;0,329138453488248;0,0703136991358817;0,0562380325110376;0,0324690432089425;0;0;0,0605942171638577;0,062075957168129;0,069533855806996;0,0987047127984863;0,0790741833948956;0,0307437730950673;0,0434782608695652;0,0565603161380862;0,069271957114408;0,185641325570273;0;0,398804013970295;0;0,0208862809310983;0,0593822103831595;0,034635978557204;0,0928206627851366;0,0813403779733465;0,0668687258298736;0,0599912746309435;0,0104431404655492;0,480081666262948;0,102853005449376;0,0104431404655492;0,0390746536640399;0;0,00602934995896988;0;0,0417725618621966;0;0,00852678848426887;0;0;0,0765038744728955;0,0515147886312688;0;0,00852678848426887;0,0590753235205876;0;0,0945666589672153;0;0,0208862809310983;0;0,0459181612633645;0,0482347996717591;0;0,0390746536640399;0;0,0170535769685377;0,0571994360417628;0,0957129633528708;0,00852678848426887;0,0873735817900544;0,0599912746309435;0,0920340328148295;0;0;0;0,0134820363683922;0;0,0795325882982884;0,0767410963584198;0,0781493073280797;0,0366751040124771;0,0451195236228496;0,0539281454735689;0;0,0497192934692927;0,0269640727367844;0;0;0,0341071539370755;0;0,0255803654528066;0;0,0390746536640399;0;0,160317229504209;0;0,0898352910940688;0;0,0233515719795467;0,0839791272875566;0;0,0422054497127892;0,15583274591601;0,0515147886312688;0;0,113441542516031;0,0555878599952999;0;0,0408930410054765;0,074578940203939;0,0366751040124771
"F3A17";0,0292311036318951;0,150948770076791;0,285408959207682;0;0,0826780463987191;0;0,210111795661644;0;0;0;0,128528246354953;0;0;0,0826780463987191;0,256501893374048;0;0,118136098854092;0;0;0,0716012885165592;0,152823981977268;0,152823981977268;0;0,258713157500457;0,126292801977734;0;0,0843829277529225;0;0,121698789114774;0;0;0,232627677998078;0,033753171101169;0,323749043957508;0,180981217484889;0;0;0;0;0;0,161874521978754;0;0;0;0;0,0954683846887456;0;0;0;0,256501893374048;0;0,126292801977734;0;0;0;0,0716012885165592;0;0;0;0;0,0506297566517535;0,128528246354953;0;0,0168765855505845;0,150948770076791;0,0292311036318951;0,144193610152366;0;0;0;0,0413390231993595;0;0;0,0998432265835641;0,109372774827835;0;0;0;0;0,0238670961721864;0;0;0;0;0;0;0;0;0;0,122863397364099;0;0;0;0;0;0;0;0,131810346826864;0,184101813249347;0;0;0,139167889649665;0;0,190936769377491;0,0876933108956854;0,226423155115186
"F3F18";0,015807436935467;0;0,344333729311302;0,0418225469965826;0,0901162556381194;0;0,25415094658131;0,0370717256622646;0,043290448929478;0,0836450939931652;0,106039510613235;0;0,0524273372121494;0,082137851729009;0,0928476690885259;0,0591460131755532;0,196165133548727;0,0111775458502474;0;0,0460862021757544;0,116697004693984;0,143578176105121;0;0,326070297758719;0,0679903570785752;0;0,0948446216128019;0,0460862021757544;0,0968003865827958;0,0679903570785752;0,0387201546331183;0,0774403092662366;0,0193600773165592;0,37373809000427;0,0447101834009896;0,0447101834009896;0,0782428209517318;0;0,0591460131755532;0,0536056267418897;0,0894203668019792;0,156884332083141;0,0387201546331183;0;0,138258606527263;0,0828948986240472;0,129389447735924;0,0295730065877766;0;0,0806024293938334;0,0908068117569892;0,0689030201580928;0,0524273372121494;0;0;0;0,0295730065877766;0;0;0,0612219399972876;0,0295730065877766;0,082137851729009;0,0798236436962979;0,0111775458502474;0;0,0403012146969167;0,218463124878168;0,0622339414489061;0;0,0536056267418897;0,0295730065877766;0;0,207312591862211;0,0790371846773349;0,0872994238543265;0,0698037514618013;0,0273792839096697;0,0353465035377451;0,0447101834009896;0,0370717256622646;0;0;0;0;0;0,0335326375507422;0;0,0223550917004948;0,043290448929478;0,113989048808979;0,0295730065877766;0,0828948986240472;0;0,0295730065877766;0,0921724043515088;0,0474223108064009;0;0,12090364409075;0,123964980304234;0,152850640629438;0,0732960697655642;0,0894203668019792;0,0387201546331183;0,118818942216657;0,0901162556381194;0,139607502923603
"F3A18";0,0235151316301063;0,261853423754725;0,247995156089972;0,163106063974291;0,0221702787148565;0,0391918860501771;0,189422944374468;0,0313535088401417;0,149956985722472;0;0,0359199568906041;0;0,169931968519161;0,0627070176802834;0,0507984901945492;0,241085853573608;0,0726901198696565;0;0,0359199568906041;0,0293285219882495;0,0617194438712936;0,107188196237422;0;0,23787892899781;0;0;0,0519939123419205;0,0829535871202801;0,0722662671609529;0,0548686404702479;0,182988758456107;0,047678987191547;0,0156767544200708;0,289383714783524;0,326117942259323;0;0;0;0;0;0;0;0;0,0259969561709603;0;0,0543058703066853;0,0463724649445993;0;0;0,0422109530965279;0;0,2417221329952;0;0,0341666941398967;0;0,0570642474426899;0,0221702787148565;0;0,0513996766850971;0;0,0135764675766713;0,0483190022340952;0,053737206779658;0,0135764675766713;0,273108679734238;0,0313535088401417;0,0900560978604889;0;0;0;0,0156767544200708;0;0,0844219061930558;0,0350542885498487;0,0651104511794334;0,100380206191438;0,0271529351533427;0,0350542885498487;0;0,0235151316301063;0;0;0,0429325601217081;0;0,0631950173956948;0,0683333882797934;0,0313535088401417;0,0709795244948698;0;0,0822095937318041;0;0,053162460770669;0,0293285219882495;0;0,0429325601217081;0;0,0665108361445696;0,0851465710398411;0,106613456458641;0;0,286073923149282;0,0513996766850971;0;0,114665573121909;0,0570642474426899;0,149546705922919
"F4A17";0;0,237356331638771;0,182206463033083;0;0,109874631319727;0;0,132686223108569;0;0;0,0634361479695551;0,116539645329826;0;0,0951542219543327;0,0743854770447231;0,227620001737868;0;0;0;0;0;0,20060271357126;0,184946563602382;0;0,186301501596154;0,207989320264441;0;0,050150678392815;0;0,0634361479695551;0;0;0,179424521606503;0;0,211585943933004;0,244661306563947;0;0;0;0;0;0;0;0;0;0;0,0709237695453303;0;0;0;0,186301501596154;0;0,191625473075971;0;0;0;0;0;0,0593390829096927;0;0;0;0,199345003909055;0;0;0,215122444193942;0;0;0;0;0;0;0;0,213950106069906;0;0,0593390829096927;0;0;0;0;0;0;0;0;0;0;0;0;0;0,0709237695453303;0;0;0;0,10277830647413;0;0;0;0;0;0,23841360338216;0;0;0,184946563602382;0;0,273769425227024;0,0672841956024385;0,31559085144072
"F4F18";0,0156355009940065;0;0,354998187998839;0;0,0982675999893979;0;0,273732926762093;0,0270814821234129;0;0,0481918506354445;0,109448506958045;0;0;0,0870547852294227;0,0925008713292757;0,0765979986161901;0,180656018424609;0;0,111659811293108;0,034962043084864;0,119588587009858;0,155177916587243;0;0,338428242896158;0,0757959032292582;0;0,0635117052755162;0;0,0834707338113603;0,068153568764504;0;0,0870547852294227;0,0270814821234129;0,400464221516513;0;0,0382989993080951;0;0;0,0382989993080951;0;0;0,157910819502734;0,033167906340333;0;0,126057439037458;0,0757959032292582;0,124102941762133;0,0292513438950678;0;0,0849225075839176;0;0;0;0;0;0,10888866437641;0,031271001988013;0;0;0,0654079933825951;0,031271001988013;0,0982675999893979;0,0812444463702388;0,0191494996540475;0;0,0270814821234129;0,211513136977458;0,055279843900555;0;0;0,0247218977494436;0;0,199314311683096;0,10776025398237;0,0733370002750229;0,0663358126806659;0,031271001988013;0,0270814821234129;0;0,034962043084864;0;0;0;0;0;0;0;0;0,0366685001375115;0,127982091400905;0,022111937560222;0,0654079933825951;0;0;0,121112069918793;0,0644668221077387;0;0,128933644215477;0,0982675999893979;0,133589779052707;0,0982675999893979;0,104301800868174;0,044223875120444;0,10252883656486;0,0898191149700779;0,119588587009858
"F4A18";0,0426478981394723;0,117350933061532;0,360872795102623;0,0756066425140446;0,0668517585090802;0;0,274124439413073;0,0607425170737107;0,0766307068955246;0;0,0590066571190772;0,0483581710357106;0,0894589858490758;0,0888761849490869;0,0953635993373469;0,109801330468889;0,14217996753743;0;0,0509739879842764;0,0558392061299709;0,103465895338547;0,183789327392194;0;0,354553310068321;0;0,0297226871824738;0,0920359315176901;0,0472713317760161;0,108611681819388;0,0749161564297427;0,0756066425140446;0,0773058803542696;0,0161193903452369;0,426600815129931;0,141447076225926;0,0144176210271214;0,0695192509949535;0;0,00720881051356068;0;0;0;0,0101947975968553;0;0;0,095090741555388;0,0461589093224411;0;0,0176579074106344;0,0759495315407999;0,0467184316823432;0,107166672680986;0;0,0144176210271214;0;0,0594453743649476;0,0455925208868398;0,0314224765317446;0;0;0,0249720521432476;0,0815583807748422;0,0959069860678297;0,0144176210271214;0,122337571162263;0,0567622307460359;0,162318338931109;0;0;0;0,0249720521432476;0;0,150524382652461;0,0713635831779869;0,0983150676030825;0,0539457982158359;0,0414114636021713;0,0563026099772098;0;0,0438494824799068;0;0,0467184316823432;0;0;0;0,0414114636021713;0,0176579074106344;0,0432528630813641;0,0101947975968553;0,158429909981873;0;0,0735157309568775;0;0,0297226871824738;0,0825086075611231;0;0,0980504236032576;0,155282530715713;0,0648792946220461;0;0,122761619474177;0,0891680615474213;0;0,0590066571190772;0,106680653520086;0,0724476490375135
"H1A17";0;0,0535112261243147;0,440952032019576;0;0,0402675109110137;0;0,334177500038189;0,0166131065150309;0;0;0,151124490879541;0;0;0,0342487964655547;0,112368969669785;0;0,043559932771394;0;0,0380654090667466;0,01313381389962;0,056337785214874;0,0896569202450267;0,11035530331171;0,429015583721258;0,14423295860001;0,0101734085010832;0,0332262130300618;0;0,0707277523956876;0,0961553057333398;0,042355277150769;0,0861241772363813;0,0176208604100292;0,512858195410792;0,0616030477013657;0,00830655325751546;0;0,0211776385753845;0,0117472402733528;0;0,176794990426859;0;0,0101734085010832;0;0;0,0557220532275806;0;0;0;0,0881043020501458;0,0321711424307423;0;0;0;0;0;0,0143873722777935;0;0,034748805344198;0;0,0185740177425269;0,0447321582709607;0,109097651949709;0,00830655325751546;0,0566431413008428;0,0117472402733528;0,0550994409125663;0;0;0;0,0143873722777935;0,0287747445555871;0,0498393195450927;0,0454968659425923;0,0604726205158736;0;0;0,0117472402733528;0;0,00830655325751546;0;0;0;0;0;0;0,122504060654482;0;0;0,0774783708575163;0;0,0989840059647596;0;0,0176208604100292;0,0544697123349981;0;0,0299497036923444;0,0796736599249372;0,05253525559848;0;0,0398368299624686;0,0447321582709607;0;0,0491422317940275;0,034748805344198;0,0462489312051442
"H1F18";0,0218654644092268;0;0,453361705874792;0;0,0286286130744699;0;0,345624555937861;0,0158250613060466;0;0;0;0;0;0,0350627470380112;0,141704405086465;0;0,0560516758462779;0,0158250613060466;0;0,0178530769305305;0,0486592855712732;0,130059914881117;0;0,434279274543432;0;0,0265662286055472;0,0269913152545647;0;0,126420532304172;0,0972015313273291;0,0261342286182908;0,116875823460037;0,0190857420496466;0,523337520243589;0,0465062006689945;0;0;0;0;0;0,0312883950453108;0,0541930899057646;0;0,0410454402684832;0,0439904618317852;0,105188241114034;0,0158250613060466;0,00674782881364117;0;0,122021942040411;0;0;0;0;0;0,0353859128284218;0,0143143065372349;0;0;0,0387633253480761;0,0218654644092268;0,0360235481372792;0,113114222930611;0,00954287102482329;0;0,0134956576272823;0,0588262077739476;0,0126240317626233;0;0;0,0158250613060466;0;0,0605427294784897;0,0294131038869738;0,108281103509745;0,0286286130744699;0,0196731326034963;0,021338508312018;0,0334000485868815;0,0178530769305305;0;0,0452658117835002;0;0;0;0;0;0;0;0,114016344446039;0;0,0939863797443649;0;0;0,0327113138211818;0,0294131038869738;0;0,111696441632258;0;0,0477143551241165;0,0360235481372792;0,0384685429304477;0,0218654644092268;0;0,0369593805541459;0,0541930899057646
"H1A18";0,0443357506394147;0;0,43969116756031;0,0380175925294535;0,0784674268457523;0;0,344976922008569;0,0752709929494981;0,029935082292789;0,0318077999744543;0,0356636630301389;0;0;0,044008545055769;0,0532246295412349;0,05914149446032;0,0737188470129974;0;0;0,0744989623569654;0,0489822415501887;0,165103186720101;0;0,426678674842101;0,0459368318338773;0,0161294984891782;0,0468712359495464;0,0142248805915192;0,115688477319357;0,0985528636644464;0,0412976762451347;0,0518490834598659;0,00931237029462068;0,509237101804449;0,0550927256327428;0;0;0;0;0;0,035256064923536;0;0;0,029935082292789;0,0252180179705632;0,0926569145283245;0;0;0;0,0471785916096778;0,0340039684946985;0,0534954945452083;0,0360666550647826;0;0;0,0383958863495853;0,0515695715397504;0;0,0558742217677241;0;0,00931237029462068;0,0402340381113284;0,109922791890078;0;0;0,0651865920623448;0,0909248568584378;0;0;0;0,00537649949639272;0;0,0744989623569654;0,0777271515524314;0,0976689636243505;0,0246382159161116;0,0405916810390816;0,0584037338403627;0;0,0456211110353442;0;0,0402340381113284;0;0;0;0,0161294984891782;0;0,0221678753197074;0;0,137810495501632;0;0,0946630419897886;0;0;0,0868600076206514;0;0;0,1286995180111;0;0;0,0576565337667102;0,0453031900120124;0;0;0,0489822415501887;0
"H2A17";0,00855091353754782;0,0308307572116879;0,455732406647542;0;0,0487477073882978;0;0,361724867687424;0,0171018270750956;0,0314180625024738;0;0,121981711307339;0,0218006374935005;0;0,0283601718188167;0,116147723048113;0;0,052363437504123;0,0104726875008246;0;0,0148106166981614;0,0414520913184792;0,09308328257912;0;0,448250599724694;0,123766904410778;0,0120928178954798;0,0308307572116879;0;0,078370417093671;0,0969313092812147;0;0,0976827260247365;0,0120928178954798;0,521079789725046;0;0,00855091353754782;0;0,0342036541501913;0,00855091353754782;0;0,143084150944307;0;0;0;0;0,0619572547983485;0;0;0;0,0969313092812147;0;0;0,0352563197108336;0;0,0308307572116879;0;0;0;0;0;0,0148106166981614;0,0387159076827043;0,115674614266792;0,00604640894773992;0,0494919902402573;0,0200536698087009;0,0540807257076377;0;0;0;0,00604640894773992;0;0,0448413688905904;0,0401073396174018;0,0705126394216673;0;0;0,0148106166981614;0;0,0148106166981614;0;0;0;0;0;0;0;0;0,0120928178954798;0,0820174813929867;0;0,101356283410995;0;0;0,0436012749870011;0;0,0436012749870011;0,0835630341849318;0,0387159076827043;0;0;0,0352563197108336;0;0;0,0414520913184792;0
"H2F18";0,0136500487478236;0;0,446892077516192;0,0277833225764792;0,0437775477661017;0;0,338195526925049;0,00893605451810557;0,0247428145668109;0;0,0389513585983922;0,0425441291830719;0,0163149287822079;0,0382618995402325;0,136889933312364;0,028258285572652;0,0758249369616616;0;0,0296375399427163;0,0136500487478236;0,0470028539526983;0,121543481992465;0;0,427998765633936;0;0,0206369339260857;0,043165244215452;0,0136500487478236;0,134832794044363;0,0925791348934858;0,0273000974956473;0,117422159239767;0,0154777004445643;0,516645135941285;0,059050126209074;0;0;0;0;0,0567515682967357;0;0,0455651163623493;0;0,0422301460787085;0,0396288243188496;0,111611285158296;0;0,00893605451810557;0,031803651118077;0,118774474370259;0;0,0455651163623493;0;0;0;0,0464331013336928;0;0;0;0;0,0186018808597161;0,0437775477661017;0,110893520252472;0,0115363967764748;0;0,0154777004445643;0,0935800194937156;0;0;0;0,0199816253531282;0;0,0752965337508268;0,0357442180724223;0,110171079205408;0,0252749789872205;0;0,0186018808597161;0;0,0186018808597161;0;0,0481221263055374;0;0,0322194027653713;0,0300832422450267;0,0115363967764748;0;0,0136500487478236;0;0,113737405442492;0;0,100174194152252;0;0;0,0300832422450267;0;0;0,108956366459771;0;0,0399632507062564;0,0326298575644159;0,0458562702280864;0;0;0,0478447630368178;0,0627647842129171
"H2A18";0,0550732272333947;0;0,436366278794584;0,0334997363037892;0,0790449513712059;0;0,335540162253775;0,0784672704160103;0,0365314461454306;0;0,0460775677584091;0,0301648488703381;0,0348313672307081;0,0504754465125069;0,0577612880196697;0,0460775677584091;0,0694446971990143;0;0,0393301510616165;0,0761127143359843;0,0644615597881756;0,157513281115058;0;0,422810332767178;0,03611393019179;0,0145710063157312;0,0504754465125069;0,0213297691896834;0,112732084605962;0,0889735215337795;0,0381558510820102;0,0412130294982622;0,0077885304877122;0,502435681045953;0,053678741974883;0,0145710063157312;0;0;0,0123147479834163;0;0,038942652438561;0,0291420126314624;0,00550732272333946;0;0;0,0923195515895856;0;0;0,0174156836153541;0,0489501550839411;0,0381558510820102;0,0444014552986243;0,0356915305124125;0;0,0286168883115076;0,053678741974883;0,0603296977406762;0;0,0569681892195478;0;0,0134901305210167;0,0507750066884875;0,104928590475528;0;0;0,0755126047283108;0,0863789817052549;0;0;0;0,00953896277050255;0;0,0829761834048515;0,0844256586652875;0,0931372783776572;0,0198569344695284;0,0450793793190828;0,0618195442473933;0;0,0569681892195478;0,0213297691896834;0,0473757814167411;0,0460775677584091;0,0450793793190828;0;0,0182657230727153;0;0,0145710063157312;0,0123147479834163;0,137903185039505;0;0,0939478879033066;0;0;0,0964960895516313;0;0;0,135238137957248;0,0330439363400368;0;0,0590594565805197;0,0531106969719664;0;0;0,0663169474490241;0
"H3A17";0,0122611735835107;0,0571823068245618;0,450462568618429;0;0,056521217475881;0,0212369756070619;0,359097518683967;0,0267226082898668;0;0;0,078029630875852;0;0;0,0668768064050473;0,109495781275751;0;0,0794614866529011;0,0106184878035309;0;0,0203328561329612;0,0645897397397467;0,0917542214185207;0;0,435098935357744;0,0682673253247437;0,00866995898620578;0,0613058679175535;0;0,0909312969800494;0,0941798613348621;0;0,0978976203738759;0,0122611735835107;0,525588331227637;0;0,016220008041882;0;0;0,0193866176552913;0;0,0740761620498916;0;0,00613058679175535;0;0;0,0696300809927048;0;0;0;0,0988527417268927;0;0;0,0541438765150513;0;0,0397307433264506;0;0,0150168094636468;0;0;0;0,0122611735835107;0,0640052051854044;0,112542613336414;0,0137084088083273;0,0397307433264506;0,0203328561329612;0,0953695488482636;0;0;0;0,00613058679175535;0;0,0873474164785815;0,0634152828741088;0,0770602810595493;0;0,016220008041882;0,0183917603752661;0;0,0122611735835107;0;0;0,0245223471670214;0;0,0221041450263562;0;0;0;0,0122611735835107;0,0777884258756434;0;0,101293917755559;0;0;0,0640052051854044;0;0,0505541137788476;0,0824786098842323;0,0501810155890993;0;0,0424739512141238;0,0628198210215593;0;0,0367835207505321;0,0688156660638905;0
"H3F18";0,0215149141082417;0;0,443910780856808;0,0313631072967215;0,0240544052380489;0;0,349079067020111;0,0138878173393839;0,0228200124938757;0;0;0,03315670945038;0;0,0454282371861089;0,158223629286783;0,0310541036299626;0,06101163315078;0;0;0,0152133416625838;0,0441361739570402;0,129982848143911;0;0,422175941811915;0;0,0215149141082417;0,0458508345390549;0;0,144593455581526;0,0828626836887053;0,0228200124938757;0,130353275934398;0,0107574570541208;0,499054034944899;0,0454282371861089;0;0,066748265651201;0;0;0;0,0274262417177993;0,0334462931970364;0;0,0351337076166661;0,0325698186590975;0,132116872790398;0;0;0,0294605094496753;0,142239998771177;0,0240544052380489;0,0380333541564596;0,0252284730511361;0;0,0356784487468808;0,0281206868488942;0;0;0;0;0,0107574570541208;0,0322723711623625;0,0987891512509131;0,00878342690416652;0,0364803117601731;0,0116193816236693;0,0680361322449342;0;0;0,0375228161829608;0,0107574570541208;0;0,0624179758013045;0,0364803117601731;0,128865176079207;0,0131751403562498;0;0,0205989619882799;0;0,0191430351266191;0;0,0409631760601298;0,0291313314146333;0,0191430351266191;0,0574291053798573;0;0;0;0;0,126828548188901;0;0,0884905740763099;0;0,0116193816236693;0,0259817271670364;0;0;0,113591819129922;0,0375228161829608;0,03315670945038;0,0337333911083267;0,0397686567249529;0;0,0387865630022345;0,0560696439115595;0,0454282371861089
"H3A18";0,0490508440337022;0,0292733030487159;0,445507921291148;0,0473412271354606;0,0723908401424388;0;0,33905745114385;0,0669506054743536;0,0417948710431002;0;0,05476533529375;0;0,0344458023398579;0,0529291010065738;0,0519866677632613;0,0599374557289107;0,0931028400321707;0,0140624399189031;0;0,0620980532804275;0,0544635956129541;0,144439810432845;0;0,425954995995771;0,0339640191392464;0,0243568604179249;0,0483742482621452;0,0190406336606758;0,107710089436421;0,0868765959779176;0,0529291010065738;0,0433433507759981;0;0,512105846232617;0;0,0128371925952406;0,0263084160993143;0;0,011481934113286;0;0;0,0393580872126253;0,00811895347264165;0,0397745865067392;0;0,0863056592609891;0;0;0;0,049718233133424;0;0,0646974129983063;0;0;0,044097204695787;0,0593850249959046;0,0503767814712335;0;0,0519866677632613;0;0;0,0480323764994217;0,10740365897357;0;0,0519866677632613;0,0503767814712335;0,103496755467379;0;0;0;0;0;0,0872551450299708;0,0778742660008082;0,0914959589126581;0,0256743851904812;0,0417948710431002;0,0417948710431002;0;0,0389371330004041;0;0,0363090637419694;0;0;0;0,0222346698015037;0;0,0214807317947141;0,00574096705664298;0,119737361313314;0,0236706135677303;0,0929256698620489;0;0,0281248798378062;0,0778742660008082;0;0;0,125778286352696;0;0;0,071011840703191;0,0459277364531438;0;0;0,0593850249959046;0,0455675133506753
"H4A17";0,0228483352123112;0;0,448316709994222;0,0522561418504609;0,0768318964364102;0;0,345409447076405;0,0347091128127472;0;0,0228483352123112;0,0804073637738754;0;0,0347091128127472;0,0685450056369335;0,123205128360491;0;0,0896185439236029;0,0109759852052015;0,0486753285291542;0,0329279556156044;0,0760438561541329;0,0854906422226313;0;0,425145309575769;0,0818919327621099;0,0126739760256888;0,0722527800139302;0;0,100196578128863;0,0927021426615147;0;0,109209673890436;0,0155223871376023;0,508856586180402;0,0679566256049944;0,00896185439236029;0;0;0,0126739760256888;0;0,0826242149901513;0;0,00896185439236029;0;0;0,0905102926925247;0;0;0;0,109759852052015;0;0;0,0448092719618015;0;0;0;0,0283398719386428;0;0;0;0,0167660943431837;0,0655503137064798;0,107355385055925;0,0155223871376023;0;0,0261280709252305;0,0942060994498783;0;0;0;0,0141699359693214;0;0,081646379187561;0,0884912217658457;0,0924852952471953;0;0,0141699359693214;0,0219519704104029;0;0,0210174115395848;0;0,0310447742752047;0;0,0347091128127472;0;0;0;0;0,0155223871376023;0,0739013445222141;0;0,0916127729558556;0;0;0,100596566059102;0;0;0,0617653189267141;0,0439039408208058;0;0;0,0716948351388823;0;0,0577327083828526;0,0799063784369838;0,0439039408208058
"H4F18";0,0192313967883279;0,0545942182205519;0,436977843365426;0,0251180179651664;0,0263852587160994;0,0104296892744605;0,339085222633514;0,0168173686330731;0,0233214942018942;0;0;0;0;0,039851786761477;0,159816058740509;0,0246811495442587;0,0525639784109769;0,0180647517305218;0;0,0147498080232793;0,0333097563379009;0,129932330579232;0;0,429014083531253;0;0,0294996160465586;0,0403940128661038;0;0,144893874072808;0,0905643017114332;0,027985793042273;0,136704543723158;0,0131926293580497;0,513983722342897;0;0;0,0682328095998172;0;0;0;0,0302281113243797;0;0;0,0468756232055458;0,0223691914128398;0,114441782451867;0;0;0;0,143384521725253;0;0,0333097563379009;0;0;0,0309394583272528;0,0378929429099367;0,0131926293580497;0;0;0;0,0180647517305218;0,0287526690856633;0,109288015519202;0,0104296892744605;0,032315210292883;0,0114251521667834;0,0641235074997924;0;0,0237833508043199;0,0370217243163881;0,0114251521667834;0;0,0567436444327397;0,0255474168982068;0,121092240854525;0,0291285369220978;0,0218775007894391;0,0267943568907309;0;0,0208593785489211;0;0,0440029072544075;0,0422370223989981;0;0,0515188645840322;0;0;0;0;0,109586209840209;0;0,0932859768075768;0;0,0123405747721294;0,0294996160465586;0;0;0,109685427796106;0,0390243239155422;0,0384627935766559;0,0342754565003503;0,0309394583272528;0;0,0517295765660247;0,0510948337964136;0,0459380160239737
"H4A18";0,0815804113402036;0,0517917933415099;0,392440653762722;0,0832689901828241;0,100231278468298;0;0,292330107875573;0,109866984844782;0,0908273862342103;0,0251523183293688;0,0497990495891263;0;0,0305991158968036;0,0557905409305392;0,0620197213266778;0,116463653883134;0,076124728668494;0;0,037644543068629;0,0953136806813677;0,0747832186877673;0,192542598601545;0;0,37150578708724;0,0541797517940645;0,0188222715343145;0,0661654191553713;0,0449938348609461;0,121982261168916;0,0769512971841295;0,0953136806813677;0,0469210414243953;0,0112484587152365;0,447824296122244;0,0638294282888532;0,0123220691510013;0;0;0,0142282998826075;0;0,0638294282888532;0;0,00871301865492255;0,0438545655173938;0,0194829020016306;0,107539030426213;0;0;0;0,054875879934152;0,038310869896587;0,12656390658911;0,0402437093269901;0,00711414994130376;0,0266187116784966;0,0379791678099921;0,075289086137258;0,0230524805295916;0;0;0,00711414994130376;0,0634317332751873;0,0959751298436116;0,00871301865492255;0,0520355207740188;0,0931654908747381;0,0976739365927057;0;0;0;0,0142282998826075;0;0,0879971749334312;0,101734831595248;0,106474846713986;0,0495443213222927;0,0630315290700389;0,0877091310347876;0;0,0865473693957716;0,0333683210024381;0,054875879934152;0;0,0329869562377021;0;0,0389658040032612;0;0,0392891772160508;0,00711414994130376;0,160581351416832;0;0,0840253089820897;0,0133093558392483;0;0,115809970588237;0;0;0,157156708864203;0;0;0,1477792351132;0,0595212487865859;0;0;0,0711414994130376;0,0386397245969338
"P1F18";0,0359699492478573;0,144352309911948;0,373491746146959;0,073577764549892;0,0955246431009516;0,0142930084982323;0,285025191677938;0,0404267329306281;0,068298050965949;0;0;0;0,0210387388527966;0,0508691900641917;0,143405727178779;0,0944492845268488;0,0625744364364185;0;0;0,0340241657395603;0,0617528545847891;0,187632599804414;0;0,357515735109951;0,0495124338239042;0;0,0521906877939659;0,0279841387051143;0,132033156863745;0,0787197526369743;0,079151096976205;0,122814569388998;0,0225992307352784;0,424881565344142;0,16379895830014;0,0130476719484915;0,146227093780177;0;0,0240587183186581;0;0;0,0508691900641917;0,0116701925699776;0;0,0378157459732555;0,110405202859839;0;0;0;0,133316308072033;0;0,105999788000636;0,0350105777099329;0;0;0;0,034520895164062;0;0;0,0404267329306281;0,0267397704133168;0,0571720339929293;0,0964116133193488;0,0165041446079681;0,152384296378503;0,0391430158454744;0,0806426350829525;0;0;0,0369043892539032;0,0279841387051143;0;0,0641860591348769;0,102239146304694;0,119868274086382;0,0700211554198657;0,0308764272923945;0,0424801421692511;0;0,0373628464501662;0;0,0488199181262763;0;0,0303200496979711;0,13034617746175;0,0273690275751987;0;0,0225992307352784;0,0154382136461973;0,164938262921061;0;0,0751799566157429;0;0,0130476719484915;0,103398169605164;0;0;0,155371423358541;0;0,0416709224929039;0,121980032637618;0,0547380551503973;0;0;0,0580584749787138;0,0611990061362105
"P1A18";0,0277474633908158;0,209794801153516;0,223993822209543;0,0392408390487427;0,0408431602191453;0,0493769729865191;0,173652721106809;0,0408431602191453;0,0453114179760367;0,0920279249514586;0,080897062117914;0,025329852687831;0,075989558063493;0,0299706858790737;0,0493769729865191;0,0840096173605106;0,0816863204382905;0;0,0716436424080864;0,050659705375662;0,0847699008876196;0,0832423901724474;0,0670164909579018;0,215229235386174;0,0734128876449676;0;0,0467059405904275;0,0339835634820275;0,0940962264556004;0,0467059405904275;0,0531323472436873;0,0339835634820275;0;0,251519187551685;0,258811108807844;0;0;0,0531323472436873;0;0;0,104437658113263;0;0;0;0;0,058861258573114;0,0927224851819058;0,0113278544940092;0,0320400109160336;0,0408431602191453;0;0,0884733718905529;0;0,0816863204382905;0;0,0768292471791987;0,0299706858790737;0,351163489314284;0,433133074508912;0;0;0,0670164909579018;0,0423849504438098;0;0,223132856221867;0,0423849504438098;0,0974458889351975;0,214930927224259;0,025329852687831;0;0;0,0375702430363697;0,0832423901724474;0,0299706858790737;0,0707424286412356;0,0467059405904275;0,0299706858790737;0,0320400109160336;0,025329852687831;0,0277474633908158;0;0,0543264816738689;0;0;0,075989558063493;0,0160200054580168;0,0934118811808551;0,0299706858790737;0;0,0734128876449676;0,0196204195243713;0,0554949267816316;0,025329852687831;0;0,0423849504438098;0;0,0707424286412356;0,0776598577745276;0,115521902224185;0;0,100044902019646;0,0734128876449676;0,0160200054580168;0,117176238016957;0,0554949267816316;0,137342936670599
"P2F18";0,0467327862803258;0,139301694994528;0,364356582829933;0,0621825654049036;0,0889514218399706;0,0146565712231278;0,273152773724034;0,0410209474148575;0,0583201403201453;0;0;0;0;0,0777857618967489;0,155571523793498;0,085461761745432;0,0923092529168762;0;0;0,0396901824989908;0,0671648470584945;0,190910865527586;0;0,344351454433224;0;0;0,085041799686743;0,032773089571981;0,131365183470211;0,078473131031373;0,067695802728558;0,133795577909803;0,0267591155819606;0,410994231007329;0,162659329138007;0;0,14032598595784;0;0;0,0885480119521581;0,0528450190674772;0,0692642533135416;0;0,0455691318055688;0,0558105604726377;0,109842828597861;0;0;0,0246706855745724;0,12707058477371;0;0,0818234073716902;0;0;0,0310912827024518;0,0621825654049036;0,0267591155819606;0;0;0,0451745864416805;0,0316618125416126;0,0521631192852685;0,0913344710795964;0,0246706855745724;0,145092652611442;0,0378431041731178;0,111621120945275;0;0;0,0435606841869032;0,0231740738767819;0;0,0959231250922535;0,0944183553170284;0,114939668614212;0,0607260971383221;0,0299176007295188;0,0541830794029628;0;0,0359011208754226;0;0,058012380175485;0,0305100859839388;0;0,118618665231149;0,028695954536102;0;0,0231740738767819;0;0,169978317036333;0;0,0829100872065381;0,0198450912494954;0,0189215520865589;0,0988639779740179;0;0;0,15932351350486;0,0478681611672301;0,0548398679817944;0,0946077604327946;0,0577029786084615;0;0,0474927188124188;0,0911382636111376;0,0577029786084615
"P3F18";0,0407642130826692;0,0878358328426233;0,343888280342719;0,0440303824605707;0,0862448840209226;0,0140649897510215;0,251916491901951;0,0431224420104613;0,0421949692530645;0;0,0402760013023884;0,0251602185488976;0;0,0738914112249793;0,14480793241329;0,0526263727968094;0,111991238882995;0,0188701639116732;0;0,0332838406062087;0,0638370824516958;0,165823783580014;0;0,326295637007255;0;0,0154074243154269;0,0780575252634061;0,0217893884281137;0,123579965661743;0,071992965916429;0,0533728834561831;0,126741089074313;0,0301660423125601;0,391704282975922;0,0984549282571506;0;0,196909856514301;0;0;0,362647698346104;0;0,0440303824605707;0;0,0503204370977951;0,0397817985210664;0,0972418848752176;0;0;0,0166419203031043;0,128138154918027;0,031450273186122;0,0562599590040861;0,0514863161600338;0;0;0;0,0166419203031043;0;0;0,0507120417361836;0,0266864417280915;0,0583315670214426;0,0922303056372613;0,017790961152061;0,0978502863363356;0,028129979502043;0,13028159412805;0;0;0;0,028129979502043;0;0,114091257485485;0,0902792677855177;0,105815097301911;0,0457922889685721;0,033872980867334;0,0397817985210664;0;0,0350215420493917;0,0154074243154269;0,063526437871215;0;0;0,159623691996171;0,0188701639116732;0;0,0198908992605332;0;0,142327689216488;0;0,0677459617346679;0;0;0,091368321252968;0,0457922889685721;0;0,139520161162894;0,0431224420104613;0,0377403278233463;0,0674533212230193;0,0583315670214426;0;0,0622683640322136;0,0896194835394147;0,0440303824605707
"P4F18";0,0377918388210786;0,109785287809002;0,37337448578607;0,0641131476213218;0,0822066518296668;0,0156154719791128;0,281882904631026;0,0368585629517712;0,0556802400146338;0;0;0,0317837469444082;0;0,0627401159657172;0,167872808480766;0,0774052323835304;0,0675525493143668;0;0;0,0333872834734907;0,048669910958372;0,189511438422027;0;0,358087370552656;0,0344148240784103;0;0,0708251236485085;0,0300948906280306;0,138793350868498;0,0746562354307806;0,0703315627667822;0,144932155543632;0,025040462605118;0,426342014291464;0,121388146191218;0;0,170957073870461;0;0;0,060765773147893;0;0,0685761310959387;0;0,048669910958372;0,0524589557181967;0,118483702886318;0;0;0,0228587103653129;0,148141374577601;0;0,0817818084077099;0;0;0;0,0395924477482233;0,0323270982169839;0;0;0;0,0283054467196699;0,048669910958372;0,0887279229035781;0,0186640588576951;0,114749815324665;0,0344148240784103;0,080925430794145;0;0;0;0,025040462605118;0;0,0700834788799291;0,0871433682407817;0,124923775832902;0,0627401159657172;0,0363829486650729;0,0395924477482233;0;0,0359010340277405;0;0,0649230300111328;0;0,0270467908519914;0,146128973183168;0,0212803012421479;0;0,025040462605118;0;0,172881984553432;0;0,0710706187473479;0,0156154719791128;0,0166936417367454;0,0936928318746766;0;0;0,168080186952028;0,0404627153970725;0,0596082238373514;0,0904773821820816;0,049026471849402;0;0,049731924963839;0,0842987585797536;0,0531188427363814
"Q1A17";0;0;0;0;0,135894152498506;0,042973504259354;0,157894736842105;0;0;0;0;0;0;0;0,121547425092553;0;0,328684105178863;0;0;0;0;0,148864585512957;0;0;0;0;0;0;0,1392500690034;0;0;0;0;0,339735381246265;0,0960916767552923;0;0;0,0303868562731382;0;0;0,142526989555017;0,285053979110034;0;0;0;0;0;0;0;0;0;0;0;0;0;0,367165781341339;0;0;0;0;0;0;0;0;0;0;0,342442478876195;0,0911605688194146;0;0;0;0;0,271788304997012;0;0;0;0;0;0;0;0,135894152498506;0;0;0;0,187317162316339;0;0;0;0;0;0,263157894736842;0;0;0;0;0;0;0,125288218044611;0;0;0;0;0,271788304997012;0;0,128920512778062;0
"Q1F18";0;0;0;0;0;0;0;0;0,191402734526601;0;0;0;0;0;0;0;0,232967989485316;0;0;0;0;0;0;0;0;0;0;0;0;0;0;0;0;0,391566453686531;0;0;0;0;0;0;0;0;0;0;0;0;0;0,0823666225822317;0;0;0,265624376445912;0;0;0;0;0,325322092768719;0;0;0;0;0;0;0;0;0;0;0;0,0368354734341879;0;0,247099867746695;0;0;0,312559356642374;0;0;0;0;0,063800911508867;0;0;0;0;0;0;0;0;0;0;0;0;0,418370555013827;0;0;0;0;0;0;0,122169444356305;0;0;0;0;0,467389760908861;0;0;0
"Q2A17";0;0;0,360214545068011;0;0;0;0,292427585284895;0,117293459312607;0;0;0;0;0;0,0999055394162037;0,124001270475666;0;0,144123257502444;0,0677194103083161;0;0;0;0,158390883487482;0,0434547971544891;0,358713644602274;0;0;0,0568956849341137;0;0,108946942140569;0,0614543634860503;0;0,116137830545612;0,0568956849341137;0,419706115789332;0;0;0,182155069603483;0,0164243695062193;0;0;0,183630033517405;0;0;0;0,0821218475310967;0,0899599767135632;0;0;0;0,0884479366442655;0;0;0,125084271566236;0,119571214867425;0;0;0,0402313246371651;0;0;0;0,046455132218245;0,130364391463467;0,0999055394162037;0,0434547971544891;0;0;0,181413090675874;0,0914470192186801;0;0;0,049273108518658;0;0,156678499305397;0;0,116137830545612;0;0,0434547971544891;0,0544734710702843;0;0;0;0;0;0;0;0;0;0;0;0,154947192027599;0,097167880385902;0,0929102644364899;0;0,0752659165041746;0,0943508195583659;0;0,101246613374075;0,162592962763857;0;0,0434547971544891;0;0,0884479366442655;0,103876833543736;0;0;0
"Q2F18";0;0,0981980506061966;0,417475405605784;0,0823754471047914;0,0654653670707977;0;0,31679195516481;0;0,0845154254728517;0;0;0;0;0;0,0582482372510717;0,0462910049886276;0,120267558860591;0;0;0;0;0,0845154254728517;0,0886405260427918;0,395284707521047;0;0;0;0;0,109381377365097;0,0944911182523068;0,0916125381312904;0;0;0,454933276112317;0,128173988892331;0;0;0;0;0,126066875676591;0,0925820099772551;0;0;0;0;0;0;0,0400891862868637;0;0;0,100888906370182;0,0612372435695794;0,107736450921417;0;0;0,111001930485143;0;0;0;0,197303247384759;0;0;0,10522085616183;0;0,123923939806411;0,0612372435695794;0,136277028773849;0;0;0,169030850945703;0;0;0,124642345475822;0;0;0;0;0;0;0,0566946709513841;0;0;0;0;0;0;0;0;0;0,07319250547114;0,0991031208965115;0,0925820099772551;0;0;0;0;0;0,0790569415042095;0,0896421457000795;0;0,0640869944461656;0;0,111803398874989;0;0;0
"Q3A17";0;0;0,3375953024485;0;0;0;0,256597439561085;0,114169870623947;0;0,146254484825426;0;0;0;0;0,14278550533846;0;0,197748016614241;0,05781216125786;0,122638113781449;0;0,0753778361444409;0;0;0,330086684450217;0;0;0;0;0,149643069095572;0,0857492925712544;0;0;0;0,376001336896019;0,0606339062590832;0;0,143951120640618;0,0659160055380805;0;0;0,207641453621458;0,129271922498755;0;0;0;0;0;0;0;0;0,208444711760607;0;0,119881849143274;0,183729922690831;0;0;0,0548454318095348;0;0;0;0;0;0,0932193090094135;0;0;0;0,253320198552449;0,105021006302101;0;0;0;0;0,214762647246691;0;0;0;0;0;0;0;0;0;0;0;0;0;0;0;0;0,105021006302101;0,103417537999004;0,0753778361444409;0;0,0447811075519899;0,143951120640618;0;0;0,172470256290216;0;0;0;0;0,119881849143274;0;0,121267812518166;0
"Q3F18";0,0231372406691374;0,0970661709441342;0,359186566137101;0,0840617698857032;0,0517364429479639;0;0,271012061490321;0,0537660886732572;0,0746153591436005;0;0;0;0;0;0;0,0846962073381874;0,269228416113208;0;0;0,034318073849205;0,0760367317974748;0,089610147788762;0;0,345047555919216;0;0;0;0,0387160087843315;0;0,0701787256452451;0,0884072724633621;0,0426629637936394;0;0,395640050109358;0,0919687126763718;0;0,0620837315375567;0,0358440591155048;0;0,108028864411501;0,0774320175686631;0;0;0;0;0,0400748763858949;0,0358440591155048;0;0;0,0686361476984099;0,135703417638932;0,0788026021592332;0,130474344619371;0;0;0,142627530370894;0,029266551714381;0;0,0413891543583711;0,103472885895928;0;0;0,0965130828468326;0;0,0662549743597339;0,0273763523518788;0,301672710039986;0;0;0,122430769669574;0;0,0612153848347872;0,26723262568643;0,0594406475247238;0,0774320175686631;0;0,0253455772658249;0,0253455772658249;0;0,0253455772658249;0;0;0;0;0;0,0253455772658249;0;0,029266551714381;0;0,0686361476984099;0,0981629986505533;0,0834225076053255;0;0,0373076795718002;0,0686361476984099;0;0;0,0987068421398681;0,0620837315375567;0;0,0871878034021875;0;0,10852327827335;0;0;0
"Q3A18";0,0611409792526161;0,130206046286449;0,3591585901176;0;0,0513083700168001;0;0,277539868985391;0,0628396630375379;0;0;0;0,0611409792526161;0;0,0855481487696304;0,0903377074356035;0;0,104397088905069;0,0177737407445283;0,0552608057051814;0,0513083700168001;0,0657067735275491;0,210051228166291;0;0,343727787151527;0,0435365956446094;0,0251358652150151;0,0830498521642626;0;0,193752797062946;0,097620831682007;0;0,0736413647184012;0,0191978341676691;0,412578001827861;0,146206349144969;0,0177737407445283;0;0;0,0281027516470231;0,0725609927410157;0,0757559004807037;0,0518189136363981;0,0229458006344554;0,0547823481653551;0,0423099658115082;0,163865792966576;0;0;0,0240657587337651;0,0864664020758217;0,03078502201008;0;0,0619961393743196;0;0;0;0,0475814249161534;0,106147581265812;0,127962704512358;0;0,0125679326075076;0,050792694918711;0,116324120480809;0,016225131228378;0,128782986659028;0,0497453103694611;0,111941647516896;0;0,016225131228378;0;0,0191978341676691;0,0229458006344554;0,107625344917616;0,0575935025030072;0,166258120868423;0;0,0470248978773578;0,0688374019033662;0,0125679326075076;0,0598353274741768;0,0513083700168001;0,0736413647184012;0;0,0680682447801787;0;0;0;0;0,0145121985482031;0,178328881317842;0;0,0986936202851492;0,03078502201008;0;0,0571345828188871;0,0229458006344554;0,0523244759852605;0,168772564066287;0;0,0470248978773578;0,0575935025030072;0,0523244759852605;0;0,0676803883763879;0,102102367170268;0,064900524913512
"Q4A17";0;0;0,348939446490073;0;0;0,0581565744150121;0,310773604083607;0,100730141680961;0;0,171208319346062;0;0,0799285663790628;0;0;0,0822458162788702;0;0,127119387170145;0,0822458162788702;0,179773961376576;0;0,113036062594309;0,212357784495533;0;0,33182673428443;0;0;0;0;0,0969276240250201;0;0;0,0671534277873075;0,0274152720929567;0,409856025536463;0;0;0,135698673635028;0;0;0;0,173389404973989;0,104394245947741;0;0;0;0,0671534277873075;0;0;0;0,100730141680961;0;0;0;0,195784203500879;0;0,125632559563785;0,0698955036862211;0;0;0;0,0387710496100081;0;0;0;0,0866947024869947;0;0,162190936977317;0,092969710955799;0;0;0,0512892776685146;0;0,155084198440032;0;0,137076360464784;0;0,019385524805004;0,0433473512434974;0;0;0;0;0;0;0,124127923734277;0;0;0;0;0;0;0;0;0,0335767138936537;0,135698673635028;0;0,153867833005544;0;0;0;0;0;0,130042053730492;0;0,139791007372442;0
"Q4F18";0;0;0,301063000322934;0,135373202343847;0;0;0,224766677769112;0;0;0;0;0;0,0861940862542239;0;0;0;0,234473264442845;0;0;0,0970082434981039;0;0,178041738988893;0;0,296921633872835;0,0890208694944466;0;0;0;0;0;0,20518296598273;0;0;0,356083477977787;0,163541780040215;0,0545139266800717;0;0;0;0;0;0;0;0;0;0;0;0;0;0;0;0,119848013375502;0;0;0;0,230209758561833;0;0;0;0;0;0;0;0;0;0;0,224766677769112;0,0703771767227633;0;0,19780869881628;0;0,13353130424167;0,165049109416164;0,129769101914855;0;0;0;0;0;0;0;0;0;0;0;0;0,166542796960468;0;0;0;0,24882089450715;0;0;0;0;0;0;0;0;0;0,163541780040215;0;0,306767001266228;0;0;0,0890208694944466
"Q4A18";0,0216589670691717;0,0909041700326792;0,410026966386325;0;0,0120142332833053;0;0,325106573395041;0,058550130511468;0;0;0,0370303539432716;0;0;0,0424767291269115;0,0996167598613084;0;0,0612608099524297;0;0,0540640497748739;0,0523688287660507;0,0676967664958629;0,210249082457843;0;0,390462581707423;0,0560306539328122;0;0,0433179341383434;0;0,16712312397789;0,0947907017394568;0,0334462099607568;0,0862183435897639;0,0199233519722617;0,467282634008786;0,102473733467696;0;0;0;0;0,0579305349726471;0;0,0513248270848396;0;0,0449531447109047;0;0,151850593582516;0;0;0;0,0951706259144674;0,0224765723554523;0;0;0;0,064138454452005;0;0,0453527360778372;0,0461415384489811;0,0498988584428843;0;0,0189961707579239;0,0550561334376045;0,120442314156035;0,00600711664165266;0,0938341616072023;0,048802046297914;0,0730797280459514;0;0;0;0,0147143705974303;0;0,0660782830581793;0,0104046312303349;0,151850593582516;0,0537292846380224;0,0169906916507646;0,0275280667188022;0;0,0199233519722617;0;0,0540640497748739;0,0323493131309799;0;0;0;0;0;0;0,188148416920893;0;0,0981570947129866;0,0306304049762149;0;0,0104046312303349;0;0;0,178098598687647;0;0;0;0,0560306539328122;0;0;0,048802046297914;0,0715830562995999
"L1A17";0;0,0776916757970086;0,430789340238198;0;0;0,0222228319104735;0,335066463077915;0,0587960866627033;0;0;0;0;0;0,0222228319104735;0,130213911937856;0;0,0733316039916348;0;0;0;0,0686953550090864;0,214053032248025;0;0,41542102362022;0;0;0,0165639209347901;0;0,115947446543531;0,095440386773986;0;0,108616893251285;0,0195986955542344;0,491811794377356;0,086386842558136;0;0;0;0;0;0,0331278418695802;0,0450587364207146;0;0;0;0,105281928459032;0;0;0;0,122617774099116;0;0;0,0513214319426707;0;0;0;0;0;0;0;0,0209518868547528;0,0485749513629422;0,117124608160279;0,0128303579856677;0,079782408212765;0;0,0834795322761395;0;0;0;0,0181448662734332;0;0,0632906530248825;0;0,108110518030705;0;0;0,0222228319104735;0;0;0;0;0;0;0,038491073957003;0;0;0;0;0,185634190487064;0;0,0988298526343614;0;0;0,0267085199797432;0;0;0,18190171877725;0;0;0,029630442547298;0,0502408597254524;0;0;0,0234249216320558;0
"L1F18";0;0,250631830339404;0,338991376467662;0;0;0;0,254170337147747;0;0;0;0;0;0;0,0345084135298413;0,134759662793748;0;0;0;0;0;0,115744737672598;0,168173204920493;0,162775861068865;0,313912778506507;0;0;0;0;0,102077263815368;0,066825255452557;0;0;0;0,374062288944926;0,294334718418012;0;0;0,0385815792241993;0,117023723876764;0;0;0,062210927208379;0;0;0;0;0;0;0;0;0;0,115744737672598;0;0;0;0,0645593301948902;0;0;0;0;0;0,104953242399677;0,111820040000165;0;0,264501981099119;0;0,184224515805786;0;0,180139207193889;0;0;0,216194591099318;0,132532076925216;0;0;0;0;0,0711409169780146;0,135859759926813;0;0,0422640024905332;0;0;0;0;0;0,166393544198857;0;0;0;0;0,0732033996448211;0;0;0,0790687085566679;0;0;0;0;0;0;0;0;0,0645593301948902;0,0244011332149404;0
"L1A18";0;0,143094119203925;0,394852933840027;0,0401235702608383;0;0;0,317917584100382;0;0,0381965009129667;0;0;0;0;0;0,0753986904362065;0,0431445002823462;0,0747284665561934;0;0;0;0,0743910902663264;0,197458317604567;0;0,381239904480532;0;0;0;0,0580579881621386;0,0848188929679971;0,0709291215421342;0,041358429565582;0,0650076136887106;0,00709291215421342;0,435968948300075;0,170819945088053;0;0,0833228515485374;0;0;0,333819303310437;0;0;0;0;0;0,0733696538258875;0;0;0;0,0610155374411038;0,0597659401393852;0,0431445002823462;0,0549414612987615;0;0;0,0687683347608077;0;0;0;0;0,0122852842247205;0,0657769613402398;0,0773745367447148;0,0100308925652096;0,148951155238482;0;0,0848188929679971;0;0;0;0,0187660816312761;0;0,0723337949650673;0;0,0783437754064826;0;0;0;0;0;0;0;0;0;0,0669143994341844;0,045416797728626;0;0,0459673244680427;0;0,170525173608563;0;0,0793011686762784;0;0;0;0;0,0491411368988818;0,171554657919924;0;0;0,0571848859733081;0,0646195050636666;0;0;0;0
"L2A17";0;0;0,426817069258592;0;0;0;0,328123911572772;0,0522555422974414;0;0;0;0;0;0,0411144408128359;0,125951292077828;0;0,0990823246959859;0;0;0;0,101673149335921;0,21241610895077;0;0,415313777884281;0,0534852527149365;0;0,0254980937700191;0;0,114599678338443;0,0834064434512116;0;0,0964219105724266;0;0,480556208526479;0,0864682429444701;0;0,087959184581633;0;0;0;0;0,040316026152905;0;0;0;0,0954051309032466;0;0;0;0,117402040276902;0,0624573191501855;0;0;0;0;0;0;0;0;0;0,0197507385062638;0,0826232670135914;0,103887132244652;0,0197507385062638;0;0;0,112307453210154;0;0;0;0;0;0,101352918148882;0;0,107576575466518;0;0;0;0;0;0;0;0,036059750024222;0;0,0769180755852138;0;0;0;0;0,178486656390134;0;0,089788053466027;0;0;0,0254980937700191;0;0;0,179213692623336;0;0;0;0,0922876020674034;0;0,0312286595750927;0,0490465626506827;0
"L2F18";0,0359484048457891;0,224394900769175;0,376478792205209;0,0485160792045845;0,0372101341460623;0,0117668775941961;0,286542194330712;0,00960761532385621;0,0365847091974551;0;0;0;0,0288228459715686;0,0166408778804963;0,110591957519449;0,0318648551592999;0,0872654998119173;0;0;0,0151909736530609;0,063001346851329;0,13789522136574;0,0731694183949101;0,364456754241038;0;0;0,0254193608392968;0;0,0777564198625;0,0953528594893875;0,0440276244695888;0,0896138699218716;0,0192152306477124;0,424804381066026;0,258335895315953;0,0445486795824605;0;0;0,0429665619316223;0,250996077228593;0;0;0,0332817557609925;0;0;0,0611424895187747;0;0,0166408778804963;0;0,0926524868292336;0,0584408424974716;0,0401915384589337;0,0455729209591828;0;0;0,0485160792045845;0,00960761532385621;0;0;0,0424260805179825;0,0235337551883923;0,0485160792045845;0,099381945677261;0,0117668775941961;0,238648213809172;0,00960761532385621;0,0996138758542385;0;0;0,0539226072686837;0,0192152306477124;0,0424260805179825;0,0906380616893174;0,031132231821981;0,0665635115219851;0,0203808298395916;0,0346407496850971;0,0365847091974551;0;0,0325810087386619;0;0;0,0440276244695888;0;0,0339680497326526;0;0,0815233193583662;0;0,0339680497326526;0,120765852000344;0,0530597898831262;0,100536246235505;0,0440276244695888;0;0,0332817557609925;0;0;0,11509105118256;0;0;0,0413239160282171;0,0592253184375186;0,0568394187812638;0;0,0271744397861221;0,0644498428974335
"L2A18";0;0,0828052862173178;0,407093028732442;0;0;0;0,334280845264335;0;0;0;0;0;0;0;0,112765643817308;0;0,11165462515789;0;0,0539343079539182;0,0397381723337339;0,0618315315827802;0,250166168180527;0;0,396072389552664;0;0;0;0;0,0996586594544364;0,105137321551287;0;0,0998669327421201;0,0170555257159317;0,462390369410311;0,103343377743348;0;0,071783880724818;0,00911656196861841;0;0,0490941886754647;0;0;0;0;0;0,0890907826500109;0;0;0;0,0992408015995823;0,0503478590894749;0;0,0527659172314534;0;0;0,0503478590894749;0;0;0;0;0,0193391483673524;0,0469303750931417;0,125497679473333;0,0144145501254513;0,0918468168526131;0,0572967035181131;0,119909651271635;0;0;0;0,0128927655782349;0;0,111094949326949;0;0,0958323697145509;0;0;0;0;0;0;0;0;0;0;0;0;0;0;0,209482645399098;0;0,11015583738794;0;0;0;0;0;0,211162089853954;0,0347148337292729;0;0,0519723995900606;0,0535476771055875;0;0;0;0
"L3A17";0;0;0,416249037980046;0;0;0;0,333360703972894;0,0501816921056592;0;0;0;0;0;0,0181234974402816;0,12578107640276;0;0,068214366222435;0;0;0;0,0906174872014079;0,246617229787657;0;0,408348848359505;0,0362469948805632;0;0,0221966605416635;0;0,119989780773236;0,0953279886074653;0;0,113663856490987;0,0209272122516081;0,477328563588606;0;0;0,0833812201601999;0;0;0;0;0,0256304958776803;0;0;0,0245393315385282;0,0981573261541127;0;0;0;0,125126530365478;0;0;0;0;0,0233973345870811;0,0490786630770564;0;0;0;0;0,0313908183774122;0,0789984938457055;0,104374143297171;0,0165444139482156;0,0653451993116756;0;0,079344221947587;0,030506391983086;0;0;0,0221966605416635;0;0,071352280774705;0;0,112696486928794;0;0;0,0195756145764539;0;0;0;0;0;0;0;0;0;0;0;0,212130098871191;0;0,0932964132531319;0;0,026677065909012;0;0;0;0,208485875068115;0;0,026677065909012;0;0,0765346806607572;0;0;0,0233973345870811;0
"L3F18";0;0,176830249387749;0,417035145919101;0;0,0479869897125768;0;0,306674430229893;0;0;0;0;0;0,0411917956467376;0,0190680961777366;0,106166666365417;0;0,0770627932280493;0;0;0;0,0550448523057495;0,152146998811557;0,0687509984943082;0,3989138082303;0;0;0,0246168063134184;0;0,0852751185098459;0,105594335153602;0,0582539960621174;0,0866847200958577;0,0110089704611499;0,477591419956886;0,217130837305596;0;0,0381361923554732;0;0,0602986145647985;0;0,0426375592549229;0;0,0311380706678459;0;0,0330269113834497;0,0622761413356919;0;0;0;0,0901123068796352;0,0845615066460726;0;0,0504494404617523;0;0;0;0;0;0;0;0,0311380706678459;0,0516366485504081;0,108983247337461;0,0110089704611499;0,175454117580853;0;0,0947027447620757;0;0,0504494404617523;0,0632417204879622;0,0110089704611499;0;0,0746664704419974;0;0,0602986145647985;0,0396934074877444;0,0291269980310587;0,0527971675768012;0;0,0426375592549229;0;0,0479869897125768;0;0;0;0;0,0959739794251535;0;0,0330269113834497;0,124064796328523;0,0651299475779498;0,0927632339541234;0,0426375592549229;0;0,0582539960621174;0;0;0,126003426185543;0;0;0,0651299475779498;0,0612953534050388;0;0;0,0190680961777366;0,0678638516689843
"L3A18";0;0,134058121079068;0,404419717478271;0;0;0;0,33342619677944;0,0584226584593208;0;0;0,0521213407342245;0;0;0;0,0778471829627472;0,0544098765066195;0,0675466671491985;0;0,0581238193719096;0,0550462709692284;0,0584226584593208;0,231369022144091;0;0,387487135658617;0,0514487791281873;0;0;0;0,101191012764787;0,0690762195073023;0;0,0725198255960805;0,0102218359030165;0,455149172268213;0,161189849974324;0;0,048665673006468;0;0;0,188481341086027;0,0581238193719096;0;0;0;0;0,0855220149784476;0;0;0;0,0695785986318576;0;0,0464690851073709;0;0,040887343612066;0;0,0166921881312345;0,054088871483786;0,0575214837449995;0,0584226584593208;0;0,0186624336773278;0,0632873917439134;0,0796166630790563;0,00590157971021876;0,140527010300971;0,0514487791281873;0,0760365356300964;0;0;0;0,00834609406561725;0;0,0693278641276152;0;0,0938703717806883;0;0;0;0;0;0;0,0590157971021876;0;0;0,0413110579715313;0;0;0;0;0,199434977857113;0,0300922701034287;0,0698284328239522;0;0;0;0,0339019943588894;0;0,196886464094567;0;0;0,0572179381763288;0,0649173768124064;0;0;0;0
"L4A17";0;0;0,434545806606043;0;0;0,0214056490778188;0,34780063036872;0,0363826074496391;0;0;0,0326976690662554;0;0;0,0225635352933968;0,135569110826186;0;0,0514527768897761;0;0;0;0,0684385910829155;0,220730890580385;0;0,421340416605515;0;0;0,0188780080372759;0;0,120878230817933;0,0896882789108727;0;0,114163461748367;0,0201814394915003;0,490205461995236;0,0841229602226135;0;0;0;0;0;0;0;0;0;0,0201814394915003;0,111227015315316;0;0;0;0,110768345256965;0;0;0;0;0;0;0;0;0;0;0,0214056490778188;0,0514527768897761;0,10583236153748;0;0;0;0,0584042630042843;0;0;0;0,0159548288135028;0;0,044559411881799;0;0,106072616923943;0;0;0;0;0;0;0;0;0;0,0669342625225674;0;0;0;0;0,201814394915003;0;0,0933050611511067;0;0;0,0214056490778188;0,0159548288135028;0;0,189184176619045;0;0,0159548288135028;0;0,060544318474501;0;0;0,0214056490778188;0
"L4F18";0,0448550022718919;0,127659574468085;0,42594542556303;0,0407415790534612;0,0653868401226446;0;0,327318603098279;0,0100298834210858;0,0212765957446809;0,0187641936954936;0;0;0,0274679669943788;0,0212765957446809;0,134751773049645;0,0274679669943788;0,0871503952301029;0,0212765957446809;0;0,0141843971631206;0,0650010736873169;0,167532082425783;0;0,407292312492517;0;0,0274679669943788;0,0245680965612607;0;0,108257712925346;0,0995437506923277;0;0,112808324259481;0,0141843971631206;0,478500079246326;0,147237868737778;0,0265365772111627;0;0;0,0413542687577681;0;0,0553918416730968;0,0309141769045438;0,0300896502632573;0;0;0,0859883379644124;0,0332653599987477;0;0;0,118250581564064;0;0,0481016310859948;0;0;0,0274679669943788;0,0442907659460879;0,00709219858156028;0;0;0;0,0100298834210858;0,0516319850303583;0,116752323639392;0,0122840482806303;0,121398884883856;0,0187641936954936;0,0805518914297911;0;0;0;0,00709219858156028;0;0,0833144689678775;0,0650010736873169;0,103020135080383;0;0,0407415790534612;0,0481016310859948;0;0,0448550022718919;0;0,0381926582066277;0;0,0309141769045438;0;0;0;0;0,0354609929078014;0,141311055639513;0,0448550022718919;0,0938209684774678;0,0187641936954936;0;0,0702091839476005;0,0459626999887082;0,0274679669943788;0,143781098813569;0;0;0;0,0584837677392576;0,0535449250728422;0;0,022427501135946;0,0475759144148891
"L4A18";0;0,121097516390731;0,417608160743021;0;0;0;0,328770577483113;0;0;0;0;0,0302018655106861;0;0,0156709785201806;0,083555228944874;0;0,0940258711210834;0;0,0296153656895948;0;0,0519747558491578;0,2386197329006;0;0,406022235316181;0;0;0,0251294710877183;0;0,0767718022891156;0,0909919760952821;0;0,0664863310766904;0,0145085068970871;0,478487536683786;0,132840679329639;0;0,0369895798906713;0,0187304018635846;0;0;0,0443242207177936;0;0;0,0258180772433891;0;0,0577309757645585;0;0;0,0177692194137569;0,0746871104551838;0,0519747558491578;0,0313419570403611;0,0523111655478704;0;0;0,0626839140807223;0;0,0443242207177936;0,0542858620025466;0;0,0205181272236441;0,0506067590741693;0,110016200679774;0,0102590636118221;0,125087676240001;0;0,110016200679774;0;0;0;0,00837649036257277;0;0,0958733142957411;0;0,0693277936285859;0;0;0;0;0;0;0;0;0,0345371545368559;0,046260680055803;0;0;0;0;0,218753132370019;0;0,101386680838073;0;0;0;0;0;0,204238693021661;0;0;0;0,0516361544867783;0,0350413732450628;0;0,0205181272236441;0,0335059614502911
